Date,Global_active_power,Global_intensity,Sub_metering_1,Sub_metering_2,Sub_metering_3
2006-12-16,3.05,13.08,0.0,1.38,12.44
2006-12-17,2.35,10.0,1.41,2.91,9.26
2006-12-18,1.53,6.42,0.74,1.82,9.73
2006-12-19,1.16,4.93,0.58,5.28,4.3
2006-12-20,1.55,6.47,0.0,1.84,9.77
2006-12-21,1.19,5.03,1.23,1.82,7.25
2006-12-22,1.63,6.87,2.19,0.24,7.73
2006-12-23,3.31,14.03,1.85,0.3,10.23
2006-12-24,1.77,7.64,1.18,3.53,4.79
2006-12-25,1.9,7.95,4.6,1.36,4.02
2006-12-26,2.73,11.35,0.75,1.76,10.4
2006-12-27,1.06,4.52,0.0,0.22,4.84
2006-12-28,1.44,6.09,1.53,3.07,6.37
2006-12-29,2.2,9.27,0.87,3.58,7.87
2006-12-30,1.94,8.29,2.14,5.49,8.68
2006-12-31,2.43,10.2,0.0,0.24,4.52
2007-01-01,1.91,7.92,0.0,0.24,4.08
2007-01-02,0.88,3.71,0.0,0.24,4.56
2007-01-03,0.7,3.01,0.0,0.24,3.31
2007-01-04,2.26,9.48,0.73,5.28,7.57
2007-01-05,1.88,7.89,1.03,0.26,5.28
2007-01-06,1.05,4.54,0.93,0.28,3.94
2007-01-07,1.7,7.28,1.38,5.68,8.9
2007-01-08,1.56,6.55,0.0,0.32,12.19
2007-01-09,1.3,5.52,1.17,2.96,6.8
2007-01-10,1.5,6.36,0.54,3.09,7.65
2007-01-11,1.57,6.66,0.96,1.51,8.62
2007-01-12,1.01,4.31,0.0,0.3,5.75
2007-01-13,2.21,9.45,5.42,2.07,7.88
2007-01-14,2.09,8.97,1.23,2.93,9.02
2007-01-15,1.49,6.26,0.76,1.55,10.53
2007-01-16,1.17,4.98,1.43,0.45,4.57
2007-01-17,1.98,8.28,2.43,3.98,11.16
2007-01-18,1.26,5.34,0.0,0.23,9.37
2007-01-19,1.03,4.38,1.46,0.23,4.98
2007-01-20,2.18,9.35,3.0,3.63,7.94
2007-01-21,2.37,10.19,7.18,3.87,8.05
2007-01-22,1.51,6.36,0.73,2.07,7.89
2007-01-23,1.23,5.26,0.0,0.74,3.51
2007-01-24,2.07,8.73,2.41,1.72,8.16
2007-01-25,1.11,4.63,0.8,0.18,7.8
2007-01-26,1.12,4.72,0.81,0.18,5.72
2007-01-27,1.42,5.95,0.81,2.71,8.59
2007-01-28,2.15,9.13,2.41,2.78,8.37
2007-01-29,1.38,5.79,0.78,0.2,10.59
2007-01-30,1.19,5.03,0.78,0.99,5.66
2007-01-31,1.64,6.92,0.0,4.13,10.45
2007-02-01,1.27,5.33,0.81,0.27,9.13
2007-02-02,1.16,4.87,0.0,0.25,7.87
2007-02-03,2.8,11.82,3.3,3.18,12.38
2007-02-04,2.5,10.57,2.35,3.19,10.05
2007-02-05,1.14,4.82,0.62,1.78,5.45
2007-02-06,0.88,3.77,0.82,0.28,3.14
2007-02-07,1.62,6.79,2.29,2.44,8.32
2007-02-08,1.25,5.25,1.55,0.25,7.05
2007-02-09,1.13,4.73,0.0,2.11,6.78
2007-02-10,1.96,8.3,3.52,1.97,10.0
2007-02-11,2.48,10.53,1.69,3.31,9.11
2007-02-12,1.3,5.5,1.55,0.28,8.0
2007-02-13,0.98,4.14,0.0,1.96,4.34
2007-02-14,1.74,7.32,2.29,2.63,8.04
2007-02-15,1.38,5.82,0.0,1.64,9.74
2007-02-16,1.18,5.05,0.8,0.6,6.03
2007-02-17,1.44,6.13,1.23,1.55,4.97
2007-02-18,2.66,11.24,4.24,5.56,9.12
2007-02-19,1.52,6.44,1.13,2.01,9.09
2007-02-20,2.19,9.17,1.43,3.6,6.75
2007-02-21,1.44,6.07,2.45,1.62,8.02
2007-02-22,2.34,9.87,0.98,2.87,8.52
2007-02-23,0.91,3.83,0.0,0.35,7.49
2007-02-24,0.5,2.09,0.0,0.25,2.47
2007-02-25,0.35,1.46,0.0,0.23,1.15
2007-02-26,0.39,1.66,0.0,0.23,1.97
2007-02-27,0.36,1.52,0.0,0.22,1.34
2007-02-28,0.36,1.53,0.0,0.24,1.37
2007-03-01,0.36,1.51,0.0,0.22,1.38
2007-03-02,0.36,1.51,0.0,0.24,1.37
2007-03-03,0.57,2.4,0.0,0.24,3.19
2007-03-04,1.45,6.16,1.02,6.05,6.53
2007-03-05,1.85,7.84,3.98,8.41,6.96
2007-03-06,0.87,3.7,0.0,1.21,3.26
2007-03-07,1.65,6.94,0.75,3.31,10.77
2007-03-08,1.09,4.67,1.51,2.35,4.62
2007-03-09,0.88,3.73,0.76,0.24,5.99
2007-03-10,1.73,7.34,2.87,3.77,7.62
2007-03-11,2.42,10.12,3.34,2.38,6.6
2007-03-12,1.35,5.73,0.97,1.97,8.58
2007-03-13,0.9,3.81,0.94,2.68,3.7
2007-03-14,1.25,5.27,2.42,0.33,5.98
2007-03-15,1.31,5.52,0.0,2.27,7.66
2007-03-16,1.18,4.99,0.77,3.2,3.73
2007-03-17,1.41,5.95,1.53,0.25,8.52
2007-03-18,1.65,7.01,4.56,5.12,4.07
2007-03-19,1.49,6.28,1.14,1.87,9.8
2007-03-20,1.45,6.15,2.6,1.97,7.82
2007-03-21,1.49,6.24,1.3,2.87,8.57
2007-03-22,1.01,4.22,0.25,0.51,7.27
2007-03-23,0.91,3.8,0.78,0.54,5.81
2007-03-24,2.06,8.7,2.57,4.03,11.38
2007-03-25,2.32,9.72,3.22,2.5,6.5
2007-03-26,0.98,4.18,0.76,0.24,6.32
2007-03-27,0.77,3.3,0.0,2.1,2.57
2007-03-28,1.62,6.85,0.78,5.92,9.64
2007-03-29,1.1,4.68,0.81,0.32,7.45
2007-03-30,0.97,4.19,0.76,0.32,5.71
2007-03-31,2.44,10.26,1.82,5.35,12.28
2007-04-01,1.93,8.15,3.21,3.75,13.55
2007-04-02,1.36,5.71,1.22,0.67,11.56
2007-04-03,1.14,4.85,2.52,0.72,5.3
2007-04-04,1.42,5.99,2.38,0.29,10.24
2007-04-05,1.28,5.49,0.75,2.97,7.31
2007-04-06,1.11,4.69,0.0,3.8,6.37
2007-04-07,1.08,4.56,0.78,2.16,4.11
2007-04-08,1.12,4.72,0.0,0.34,2.46
2007-04-09,0.7,2.97,1.85,0.36,2.64
2007-04-10,0.54,2.35,0.15,0.52,1.79
2007-04-11,0.62,2.62,0.0,0.77,4.46
2007-04-12,0.37,1.6,0.0,0.38,1.26
2007-04-13,0.38,1.64,0.0,0.39,1.38
2007-04-14,0.38,1.65,0.0,0.4,1.39
2007-04-15,0.5,2.19,0.0,0.71,2.01
2007-04-16,0.66,2.87,0.66,0.91,3.23
2007-04-17,0.85,3.69,1.06,0.27,4.3
2007-04-18,0.69,3.0,1.1,0.25,2.38
2007-04-19,0.71,3.06,0.51,1.11,3.99
2007-04-20,0.57,2.49,0.74,0.25,2.43
2007-04-21,1.16,5.04,4.57,0.32,7.73
2007-04-22,1.55,6.69,2.96,1.59,7.71
2007-04-23,0.73,3.26,0.97,0.35,4.17
2007-04-24,0.72,3.14,0.78,0.37,4.64
2007-04-25,0.88,3.86,0.0,1.02,6.12
2007-04-26,0.89,3.92,0.92,1.28,4.97
2007-04-27,0.76,3.31,1.23,0.38,3.3
2007-04-28,1.08,4.64,0.0,0.86,0.0
2007-04-29,,,,,
2007-04-30,0.73,3.24,2.11,0.87,1.96
2007-05-01,1.16,5.07,2.78,0.69,5.93
2007-05-02,0.7,3.14,0.0,1.03,2.61
2007-05-03,0.76,3.31,1.32,1.2,5.44
2007-05-04,0.69,3.08,1.57,0.37,2.77
2007-05-05,1.09,4.74,2.02,1.73,7.85
2007-05-06,1.46,6.41,2.23,0.66,7.01
2007-05-07,1.14,4.98,0.66,3.43,6.55
2007-05-08,1.24,5.36,3.18,1.4,6.1
2007-05-09,1.16,5.06,2.1,3.91,6.58
2007-05-10,0.49,2.21,0.66,0.37,2.26
2007-05-11,0.68,3.03,0.64,0.34,4.49
2007-05-12,1.0,4.36,1.56,0.75,7.23
2007-05-13,1.14,4.97,2.51,1.68,6.22
2007-05-14,1.02,4.57,2.21,1.68,3.83
2007-05-15,0.63,2.73,0.0,0.28,3.69
2007-05-16,1.18,5.07,1.54,4.0,6.3
2007-05-17,0.86,3.72,0.7,1.44,5.34
2007-05-18,1.13,4.88,2.27,2.72,5.64
2007-05-19,0.99,4.32,3.25,0.37,4.88
2007-05-20,1.37,5.94,3.76,1.2,5.29
2007-05-21,0.78,3.34,0.0,0.32,6.29
2007-05-22,0.79,3.4,0.65,2.75,2.77
2007-05-23,1.02,4.4,0.66,2.63,5.64
2007-05-24,0.8,3.46,0.66,2.86,3.3
2007-05-25,1.12,4.86,5.6,0.41,4.54
2007-05-26,1.05,4.56,1.65,1.91,5.99
2007-05-27,1.5,6.51,3.03,3.84,7.25
2007-05-28,1.14,4.92,3.16,0.33,6.66
2007-05-29,0.74,3.21,0.0,1.32,3.01
2007-05-30,1.12,4.83,1.56,4.13,5.42
2007-05-31,0.65,2.79,0.65,0.33,2.47
2007-06-01,0.73,3.14,0.0,0.34,5.33
2007-06-02,1.03,4.47,2.76,0.87,5.3
2007-06-03,1.46,6.35,3.46,5.23,5.79
2007-06-04,0.63,2.82,1.1,0.58,3.15
2007-06-05,1.01,4.47,3.11,0.71,4.48
2007-06-06,1.18,5.11,2.31,0.58,8.1
2007-06-07,0.68,2.98,0.68,0.49,2.75
2007-06-08,1.49,6.45,1.94,7.94,7.9
2007-06-09,0.76,3.26,0.61,0.43,4.7
2007-06-10,0.93,4.01,2.92,1.34,4.15
2007-06-11,0.55,2.42,0.0,0.34,3.7
2007-06-12,0.64,2.86,1.31,0.33,2.71
2007-06-13,0.64,2.82,0.66,0.6,3.62
2007-06-14,0.87,3.78,2.31,1.49,4.9
2007-06-15,0.69,3.07,1.58,2.79,3.16
2007-06-16,1.4,5.98,2.28,3.12,7.71
2007-06-17,1.35,5.77,2.86,3.5,6.07
2007-06-18,0.47,2.08,0.0,0.37,2.95
2007-06-19,0.59,2.56,0.68,0.37,3.03
2007-06-20,0.75,3.31,1.22,1.8,3.55
2007-06-21,0.56,2.5,0.65,1.67,2.58
2007-06-22,0.39,1.81,0.0,0.66,2.42
2007-06-23,0.33,1.54,0.0,0.55,1.67
2007-06-24,0.5,2.21,0.0,0.55,2.4
2007-06-25,0.74,3.25,1.38,2.51,3.34
2007-06-26,0.66,2.88,0.67,0.93,3.63
2007-06-27,1.03,4.43,1.81,4.48,5.05
2007-06-28,0.9,3.89,0.0,3.03,6.63
2007-06-29,0.91,3.94,3.03,0.46,4.72
2007-06-30,0.93,3.97,2.12,0.55,5.82
2007-07-01,0.71,3.08,0.67,0.51,3.26
2007-07-02,0.67,2.93,0.71,3.67,2.39
2007-07-03,0.74,3.23,0.32,2.23,3.26
2007-07-04,0.7,3.1,1.62,1.54,3.91
2007-07-05,0.73,3.23,2.03,0.53,2.76
2007-07-06,0.74,3.27,1.96,2.47,2.78
2007-07-07,0.94,4.03,0.69,2.12,7.07
2007-07-08,0.76,3.29,1.27,1.97,3.66
2007-07-09,0.82,3.52,0.64,0.41,6.52
2007-07-10,0.63,2.79,0.05,1.55,3.22
2007-07-11,0.5,2.2,0.7,0.45,3.67
2007-07-12,0.74,3.23,0.71,1.77,4.46
2007-07-13,0.55,2.45,0.0,0.44,3.07
2007-07-14,0.89,3.89,2.62,1.37,4.59
2007-07-15,0.7,3.09,0.66,0.48,4.26
2007-07-16,0.59,2.66,0.58,0.48,2.9
2007-07-17,0.5,2.28,0.59,0.48,2.32
2007-07-18,0.53,2.39,0.63,0.47,3.21
2007-07-19,0.47,2.14,0.74,0.49,2.17
2007-07-20,0.77,3.45,1.47,1.68,3.31
2007-07-21,0.74,3.29,0.3,0.36,5.39
2007-07-22,0.96,4.23,4.93,1.48,3.87
2007-07-23,0.69,3.08,1.21,0.89,2.67
2007-07-24,0.57,2.55,0.0,1.12,3.89
2007-07-25,0.33,1.48,0.0,0.1,1.62
2007-07-26,0.64,2.84,0.68,2.52,3.02
2007-07-27,0.84,3.62,1.28,0.03,4.97
2007-07-28,1.13,4.94,0.63,7.13,4.55
2007-07-29,0.22,1.03,0.0,0.0,0.89
2007-07-30,0.32,1.47,0.0,0.0,1.76
2007-07-31,0.56,2.5,2.28,0.0,2.48
2007-08-01,0.75,3.25,1.12,0.0,6.91
2007-08-02,0.71,3.09,0.33,0.0,4.77
2007-08-03,0.74,3.21,0.67,0.0,6.35
2007-08-04,0.8,3.45,0.38,0.28,5.53
2007-08-05,0.55,2.44,0.12,0.0,4.62
2007-08-06,0.76,3.32,0.76,0.0,5.55
2007-08-07,1.03,4.43,0.3,1.51,6.28
2007-08-08,0.78,3.38,0.73,0.77,6.71
2007-08-09,0.74,3.27,0.13,3.14,4.62
2007-08-10,0.71,3.13,0.23,1.84,5.75
2007-08-11,0.76,3.29,0.82,0.63,7.18
2007-08-12,0.86,3.74,0.78,0.8,5.96
2007-08-13,0.8,3.45,0.06,0.33,7.71
2007-08-14,0.65,2.85,0.66,0.48,4.34
2007-08-15,0.83,3.54,0.23,0.35,6.8
2007-08-16,0.67,2.84,0.67,0.0,5.19
2007-08-17,0.7,2.98,0.17,0.0,5.4
2007-08-18,0.24,1.08,0.0,0.0,1.27
2007-08-19,0.99,4.26,0.71,6.19,4.16
2007-08-20,0.93,3.96,0.72,4.84,5.13
2007-08-21,0.45,1.96,0.0,0.03,2.29
2007-08-22,0.84,3.57,2.12,1.27,5.03
2007-08-23,0.77,3.33,1.74,0.18,3.71
2007-08-24,1.15,4.94,1.31,2.63,6.91
2007-08-25,0.8,3.55,2.88,1.52,3.94
2007-08-26,0.91,4.01,1.07,2.53,3.93
2007-08-27,0.84,3.69,1.6,0.85,4.41
2007-08-28,0.69,3.0,0.72,1.71,3.81
2007-08-29,0.52,2.28,0.66,0.39,3.42
2007-08-30,0.84,3.6,2.65,1.79,2.93
2007-08-31,0.89,3.79,0.83,0.46,6.07
2007-09-01,1.18,5.07,1.73,0.4,6.76
2007-09-02,1.15,5.02,2.51,1.12,6.12
2007-09-03,0.72,3.13,0.43,1.75,3.7
2007-09-04,1.1,4.76,2.03,2.43,6.82
2007-09-05,0.86,3.7,0.0,2.88,4.66
2007-09-06,0.63,2.75,0.0,2.7,2.4
2007-09-07,0.93,4.01,2.52,0.38,6.52
2007-09-08,1.02,4.39,2.32,1.25,6.36
2007-09-09,1.17,5.05,1.52,3.08,6.41
2007-09-10,0.78,3.36,0.65,0.41,3.9
2007-09-11,0.68,2.95,0.65,0.38,4.02
2007-09-12,0.89,3.86,0.0,2.23,5.39
2007-09-13,0.8,3.46,0.82,1.75,2.68
2007-09-14,0.79,3.44,0.63,0.47,4.03
2007-09-15,0.76,3.28,0.0,1.01,4.49
2007-09-16,1.15,4.97,2.17,2.13,6.47
2007-09-17,1.01,4.41,4.62,0.64,4.36
2007-09-18,0.81,3.51,1.31,1.41,3.77
2007-09-19,0.9,3.88,0.0,1.9,5.51
2007-09-20,0.87,3.72,0.73,0.34,6.94
2007-09-21,0.86,3.73,2.17,1.91,4.39
2007-09-22,0.82,3.52,0.66,0.91,5.34
2007-09-23,0.98,4.28,1.97,1.34,5.13
2007-09-24,0.94,4.08,0.65,2.73,5.52
2007-09-25,1.23,5.21,0.64,1.56,6.82
2007-09-26,1.27,5.38,0.74,6.55,3.94
2007-09-27,0.97,4.08,0.74,0.45,5.09
2007-09-28,1.17,4.99,0.69,2.58,6.91
2007-09-29,1.59,6.79,2.84,5.18,5.69
2007-09-30,1.05,4.45,0.98,0.4,7.1
2007-10-01,1.2,5.07,1.05,4.6,4.14
2007-10-02,1.53,6.47,0.35,5.57,8.9
2007-10-03,0.89,3.8,0.68,3.49,2.56
2007-10-04,1.05,4.45,1.67,0.31,6.74
2007-10-05,0.97,4.09,0.0,0.24,6.55
2007-10-06,1.22,5.17,3.36,0.24,6.71
2007-10-07,1.46,6.21,1.73,5.73,7.56
2007-10-08,0.76,3.23,0.0,0.29,3.53
2007-10-09,1.17,4.98,1.41,1.49,6.45
2007-10-10,0.81,3.49,1.29,1.47,2.32
2007-10-11,1.2,5.11,1.83,0.29,5.42
2007-10-12,1.33,5.67,0.71,3.49,8.1
2007-10-13,1.34,5.7,0.67,2.64,5.88
2007-10-14,1.43,6.08,2.03,5.2,4.95
2007-10-15,0.88,3.72,0.74,0.24,5.32
2007-10-16,1.36,5.82,0.0,5.47,6.86
2007-10-17,1.1,4.64,0.74,0.31,6.23
2007-10-18,1.05,4.43,0.81,0.22,6.85
2007-10-19,1.45,6.1,0.9,2.17,8.09
2007-10-20,1.15,4.81,1.64,0.21,9.18
2007-10-21,1.35,5.7,2.58,3.03,5.08
2007-10-22,1.15,4.81,0.0,0.21,9.05
2007-10-23,1.36,5.71,0.74,3.61,7.43
2007-10-24,1.3,5.47,3.1,0.25,6.33
2007-10-25,1.29,5.41,1.03,1.69,5.13
2007-10-26,1.0,4.37,0.0,0.24,4.0
2007-10-27,1.24,5.31,0.95,3.37,6.21
2007-10-28,0.36,1.49,0.0,0.2,1.23
2007-10-29,0.38,1.57,0.0,0.19,1.91
2007-10-30,0.56,2.35,0.0,1.34,2.96
2007-10-31,0.89,3.74,0.0,3.26,6.19
2007-11-01,0.34,1.44,0.0,0.2,1.38
2007-11-02,1.0,4.2,0.93,1.47,8.5
2007-11-03,0.34,1.43,0.0,0.2,1.34
2007-11-04,1.03,4.38,0.0,3.05,4.91
2007-11-05,1.04,4.4,0.88,0.28,4.57
2007-11-06,1.45,6.15,0.77,3.83,7.42
2007-11-07,1.28,5.48,3.5,0.21,4.43
2007-11-08,1.04,4.43,1.19,0.22,4.51
2007-11-09,1.51,6.37,0.0,3.18,10.68
2007-11-10,1.81,7.71,2.57,0.21,9.56
2007-11-11,1.31,5.54,2.39,0.22,4.18
2007-11-12,1.5,6.27,0.71,2.89,9.22
2007-11-13,1.54,6.45,0.68,3.43,7.69
2007-11-14,1.42,5.94,0.73,0.2,11.35
2007-11-15,1.04,4.4,1.12,0.4,5.21
2007-11-16,1.6,6.72,1.38,3.24,9.42
2007-11-17,1.81,7.6,1.8,1.53,10.41
2007-11-18,1.52,6.35,3.61,1.46,4.91
2007-11-19,1.2,5.01,0.76,0.18,7.47
2007-11-20,1.46,6.09,0.7,2.75,7.66
2007-11-21,1.22,5.11,0.79,0.38,6.57
2007-11-22,1.34,5.66,1.99,0.21,6.25
2007-11-23,1.75,7.34,1.51,4.29,9.5
2007-11-24,1.32,5.51,1.09,2.87,9.34
2007-11-25,0.97,4.09,2.47,0.19,3.94
2007-11-26,1.09,4.6,0.76,0.2,6.2
2007-11-27,1.95,8.16,0.74,7.65,10.49
2007-11-28,1.14,4.78,0.82,0.53,5.42
2007-11-29,1.19,5.02,1.41,0.2,6.13
2007-11-30,1.62,6.76,0.0,5.51,9.45
2007-12-01,2.18,9.19,6.5,0.25,12.39
2007-12-02,2.05,8.62,1.45,4.8,7.39
2007-12-03,1.22,5.17,0.79,0.21,7.24
2007-12-04,1.44,6.05,0.7,4.05,5.95
2007-12-05,1.5,6.35,2.38,0.2,7.58
2007-12-06,1.73,7.34,3.3,0.22,8.27
2007-12-07,1.23,5.16,0.32,2.58,7.13
2007-12-08,1.54,6.51,0.79,1.63,8.53
2007-12-09,1.58,6.7,2.9,1.69,6.06
2007-12-10,1.22,5.17,0.77,0.19,5.75
2007-12-11,1.6,6.71,0.73,2.65,8.85
2007-12-12,1.1,4.59,0.8,0.18,5.39
2007-12-13,1.28,5.42,0.77,1.01,6.19
2007-12-14,1.37,5.76,0.68,2.67,8.99
2007-12-15,1.9,7.98,1.18,2.56,9.94
2007-12-16,1.92,7.99,2.37,1.58,8.98
2007-12-17,1.25,5.19,1.14,0.17,7.34
2007-12-18,1.82,7.6,0.78,4.03,7.7
2007-12-19,1.53,6.33,0.86,1.85,8.11
2007-12-20,1.35,5.61,1.29,0.19,9.44
2007-12-21,1.38,5.71,0.83,0.14,8.51
2007-12-22,1.81,7.59,2.65,3.16,8.8
2007-12-23,1.67,6.98,1.37,2.15,8.31
2007-12-24,1.57,6.55,2.07,1.61,9.97
2007-12-25,1.87,7.79,3.19,2.34,6.31
2007-12-26,1.79,7.43,0.77,1.93,6.58
2007-12-27,1.76,7.4,2.86,1.03,5.53
2007-12-28,2.16,9.03,1.38,5.94,10.99
2007-12-29,2.29,9.56,3.36,1.69,10.35
2007-12-30,1.78,7.47,2.5,2.5,9.36
2007-12-31,1.54,6.46,0.0,2.4,9.77
2008-01-01,1.92,7.98,1.71,1.9,8.58
2008-01-02,1.14,4.77,0.0,2.15,6.24
2008-01-03,1.05,4.4,0.78,0.59,4.63
2008-01-04,1.59,6.72,0.86,3.7,8.16
2008-01-05,1.52,6.45,1.47,0.2,10.13
2008-01-06,1.27,5.39,1.37,1.7,5.43
2008-01-07,1.18,4.92,0.89,0.2,7.15
2008-01-08,1.42,5.99,1.53,2.44,6.8
2008-01-09,1.24,5.23,0.81,0.2,6.22
2008-01-10,1.32,5.59,0.91,0.2,6.94
2008-01-11,1.18,4.96,0.88,0.2,5.55
2008-01-12,1.99,8.52,3.88,1.82,7.72
2008-01-13,2.0,8.45,4.52,0.24,6.51
2008-01-14,1.41,6.01,4.11,0.24,6.76
2008-01-15,1.87,7.89,0.54,4.78,10.08
2008-01-16,1.48,6.32,0.81,2.38,6.52
2008-01-17,1.09,4.65,0.7,0.24,6.01
2008-01-18,1.52,6.43,0.72,0.59,10.4
2008-01-19,1.38,5.83,1.75,4.2,5.57
2008-01-20,1.21,5.15,1.23,0.26,3.43
2008-01-21,1.29,5.52,0.0,0.26,7.25
2008-01-22,1.61,6.93,3.24,5.31,5.24
2008-01-23,1.31,5.52,0.78,0.27,9.28
2008-01-24,1.14,4.89,0.77,0.22,4.12
2008-01-25,1.56,6.54,0.0,1.68,7.92
2008-01-26,1.97,8.37,3.42,0.22,10.84
2008-01-27,1.65,6.98,2.59,2.65,5.12
2008-01-28,1.6,6.77,0.79,0.19,8.88
2008-01-29,1.86,7.84,1.03,4.3,7.69
2008-01-30,1.14,4.83,0.0,0.18,5.04
2008-01-31,1.36,5.79,0.81,0.19,6.55
2008-02-01,1.07,4.52,0.23,0.19,5.03
2008-02-02,2.04,8.65,4.34,1.92,10.55
2008-02-03,1.45,6.14,1.61,3.08,5.87
2008-02-04,1.13,4.78,0.81,0.18,6.62
2008-02-05,1.72,7.21,0.76,5.42,9.53
2008-02-06,1.16,4.93,1.47,0.25,5.85
2008-02-07,1.05,4.44,0.0,0.2,5.62
2008-02-08,1.35,5.75,0.65,1.33,6.64
2008-02-09,1.46,6.09,1.42,1.97,7.15
2008-02-10,1.52,6.4,1.78,2.05,7.03
2008-02-11,1.18,4.93,0.71,0.21,6.2
2008-02-12,1.38,5.85,1.4,1.29,8.43
2008-02-13,1.32,5.58,1.76,2.51,5.26
2008-02-14,1.11,4.68,0.9,0.2,6.46
2008-02-15,1.39,5.78,0.77,1.2,9.32
2008-02-16,1.63,6.89,0.75,1.64,8.05
2008-02-17,1.34,5.65,2.21,1.57,4.2
2008-02-18,1.05,4.38,0.0,0.17,7.18
2008-02-19,1.48,6.22,1.31,3.27,7.78
2008-02-20,1.57,6.61,2.54,3.83,5.35
2008-02-21,1.13,4.79,0.0,0.21,5.92
2008-02-22,1.2,5.06,0.81,1.38,7.01
2008-02-23,1.28,5.41,1.17,1.56,6.98
2008-02-24,0.88,3.64,0.52,0.23,7.95
2008-02-25,0.35,1.46,0.0,0.22,1.29
2008-02-26,0.35,1.46,0.0,0.2,1.4
2008-02-27,0.39,1.63,0.0,0.23,2.06
2008-02-28,0.35,1.47,0.0,0.2,1.41
2008-02-29,0.93,3.87,0.0,2.62,5.6
2008-03-01,0.79,3.28,0.0,0.89,1.89
2008-03-02,0.81,3.42,0.0,3.64,1.78
2008-03-03,0.72,2.98,0.0,1.53,1.22
2008-03-04,1.16,4.87,0.87,1.7,6.54
2008-03-05,1.41,5.97,0.8,6.8,3.84
2008-03-06,1.74,7.21,0.75,0.26,4.84
2008-03-07,1.29,5.44,0.86,2.41,6.27
2008-03-08,1.56,6.59,4.37,0.24,5.86
2008-03-09,1.08,4.59,1.81,0.23,2.89
2008-03-10,1.12,4.71,1.4,0.26,6.01
2008-03-11,1.53,6.47,0.88,2.71,8.98
2008-03-12,1.23,5.17,0.78,1.65,7.67
2008-03-13,1.16,4.94,2.27,2.49,3.79
2008-03-14,1.53,6.45,0.68,2.7,10.05
2008-03-15,1.09,4.65,1.77,0.35,4.1
2008-03-16,1.25,5.3,1.66,0.39,7.84
2008-03-17,1.19,5.01,0.16,4.62,6.49
2008-03-18,1.33,5.57,0.8,2.79,8.71
2008-03-19,0.91,3.83,1.47,0.29,4.27
2008-03-20,0.87,3.66,0.77,0.33,4.63
2008-03-21,1.44,6.04,1.51,3.32,9.22
2008-03-22,1.43,6.02,2.31,0.41,8.61
2008-03-23,1.62,6.79,4.36,1.47,9.64
2008-03-24,1.37,5.76,0.79,4.16,4.87
2008-03-25,1.4,5.87,1.56,2.55,9.37
2008-03-26,1.13,4.76,1.77,2.66,5.24
2008-03-27,0.95,3.96,0.0,0.25,6.27
2008-03-28,1.31,5.48,1.61,2.5,8.04
2008-03-29,1.72,7.21,3.58,0.26,11.97
2008-03-30,1.49,6.28,3.5,0.91,6.78
2008-03-31,0.96,4.01,0.76,0.29,6.52
2008-04-01,1.48,6.2,0.75,4.62,10.08
2008-04-02,1.17,5.01,0.77,2.55,5.55
2008-04-03,0.78,3.28,0.0,0.29,4.79
2008-04-04,1.13,4.73,1.48,0.54,9.2
2008-04-05,1.37,5.78,2.03,0.61,9.48
2008-04-06,1.18,4.95,0.78,1.82,5.24
2008-04-07,1.07,4.48,1.68,0.47,6.57
2008-04-08,1.85,7.7,1.91,7.44,12.17
2008-04-09,0.85,3.52,0.0,0.26,6.25
2008-04-10,1.03,4.31,2.26,0.32,4.53
2008-04-11,1.3,5.45,1.25,0.34,10.08
2008-04-12,1.94,8.22,4.91,1.74,10.57
2008-04-13,1.55,6.55,1.77,4.13,9.03
2008-04-14,1.1,4.6,0.0,0.3,7.78
2008-04-15,1.16,4.91,0.82,2.78,6.86
2008-04-16,1.03,4.32,0.58,0.28,7.86
2008-04-17,0.97,4.1,1.19,0.29,6.0
2008-04-18,1.29,5.46,1.51,2.66,7.58
2008-04-19,1.57,6.64,3.0,1.71,10.22
2008-04-20,1.24,5.26,0.72,3.16,7.22
2008-04-21,0.81,3.4,0.0,1.86,4.71
2008-04-22,1.13,4.77,0.67,3.54,7.36
2008-04-23,0.94,3.97,0.96,0.34,5.84
2008-04-24,0.72,3.06,0.88,0.36,3.68
2008-04-25,0.88,3.7,0.57,1.39,6.53
2008-04-26,0.63,2.63,0.0,0.44,2.49
2008-04-27,0.7,2.96,0.48,0.41,3.81
2008-04-28,0.46,1.95,0.0,0.43,1.93
2008-04-29,1.37,5.77,0.97,3.76,7.28
2008-04-30,0.77,3.22,0.73,0.41,4.62
2008-05-01,0.4,1.7,0.0,0.37,1.8
2008-05-02,1.04,4.38,2.16,0.41,6.03
2008-05-03,0.9,3.8,0.69,0.38,4.54
2008-05-04,1.02,4.36,1.52,1.99,3.79
2008-05-05,0.95,4.0,0.7,0.26,7.08
2008-05-06,1.24,5.25,0.94,3.76,8.47
2008-05-07,0.82,3.46,0.72,0.29,4.62
2008-05-08,1.47,6.18,2.55,0.49,8.83
2008-05-09,1.21,5.14,1.55,0.29,8.27
2008-05-10,1.33,5.64,4.83,0.42,8.13
2008-05-11,1.12,4.8,0.39,0.93,4.81
2008-05-12,1.06,4.52,1.45,0.75,8.3
2008-05-13,1.03,4.39,0.57,2.84,5.81
2008-05-14,1.1,4.71,1.71,2.39,6.75
2008-05-15,0.81,3.52,0.6,0.4,4.74
2008-05-16,1.15,4.92,1.55,1.78,6.23
2008-05-17,1.15,4.95,1.5,0.65,8.66
2008-05-18,1.25,5.41,1.23,3.72,5.99
2008-05-19,0.72,3.07,0.7,0.39,5.21
2008-05-20,1.1,4.68,0.94,1.69,8.32
2008-05-21,0.92,3.92,1.38,0.33,6.42
2008-05-22,0.68,2.96,0.69,0.31,4.5
2008-05-23,1.03,4.36,0.0,0.97,10.23
2008-05-24,1.1,4.67,0.71,0.4,8.91
2008-05-25,1.42,6.14,2.99,6.12,4.18
2008-05-26,0.9,3.93,0.68,0.46,6.45
2008-05-27,1.19,5.11,0.0,3.72,7.97
2008-05-28,0.77,3.35,2.18,0.36,4.66
2008-05-29,0.79,3.48,0.7,0.35,6.04
2008-05-30,0.97,4.2,0.0,2.1,7.85
2008-05-31,1.14,4.92,1.23,1.62,8.23
2008-06-01,1.28,5.42,1.32,0.38,7.85
2008-06-02,0.75,3.22,0.67,0.39,4.4
2008-06-03,1.11,4.84,2.01,1.81,6.43
2008-06-04,1.1,4.83,1.08,5.33,4.52
2008-06-05,0.78,3.4,1.21,0.35,6.1
2008-06-06,0.85,3.67,0.7,0.35,5.47
2008-06-07,1.31,5.53,1.65,1.81,10.13
2008-06-08,1.07,4.6,1.76,2.2,6.76
2008-06-09,0.92,4.04,1.37,1.45,5.5
2008-06-10,0.74,3.2,0.63,0.41,6.24
2008-06-11,0.78,3.39,0.68,0.58,5.25
2008-06-12,0.87,3.8,1.35,0.39,5.03
2008-06-13,1.3,5.61,1.95,5.11,7.32
2008-06-14,0.96,4.21,1.29,0.7,7.42
2008-06-15,1.59,6.77,4.49,4.72,8.05
2008-06-16,0.9,3.9,1.38,0.32,6.95
2008-06-17,0.8,3.43,0.75,0.3,7.01
2008-06-18,1.32,5.71,5.24,2.11,8.81
2008-06-19,1.1,4.74,2.37,1.05,7.58
2008-06-20,1.16,5.01,2.05,2.04,8.62
2008-06-21,1.2,5.13,0.65,4.04,8.91
2008-06-22,1.09,4.67,3.27,0.82,7.4
2008-06-23,0.87,3.79,1.81,0.4,7.03
2008-06-24,1.22,5.26,1.93,2.42,9.91
2008-06-25,0.88,3.91,1.93,0.4,6.53
2008-06-26,0.73,3.21,0.64,0.4,6.23
2008-06-27,1.22,5.24,2.89,1.65,7.06
2008-06-28,0.84,3.69,0.0,1.39,5.51
2008-06-29,0.52,2.33,0.66,0.37,2.71
2008-06-30,0.56,2.48,0.0,0.36,4.74
2008-07-01,0.84,3.74,2.41,0.41,5.83
2008-07-02,0.8,3.57,0.67,0.45,4.86
2008-07-03,0.76,3.34,0.67,1.78,5.15
2008-07-04,0.65,2.83,0.0,0.41,5.77
2008-07-05,1.02,4.39,1.3,4.69,5.81
2008-07-06,1.25,5.36,2.96,3.63,5.23
2008-07-07,0.68,2.97,1.51,0.41,4.96
2008-07-08,0.78,3.37,0.69,0.35,5.27
2008-07-09,0.64,2.78,0.66,0.35,5.11
2008-07-10,0.87,3.74,0.68,0.38,5.68
2008-07-11,0.87,3.78,0.5,0.39,6.42
2008-07-12,0.92,4.05,3.08,1.82,5.02
2008-07-13,0.87,3.77,1.16,2.2,4.91
2008-07-14,0.79,3.43,1.78,1.39,4.47
2008-07-15,0.8,3.44,0.67,0.38,5.96
2008-07-16,0.75,3.24,1.07,1.94,3.46
2008-07-17,0.92,4.03,0.78,0.5,5.75
2008-07-18,0.88,3.74,0.79,0.38,6.43
2008-07-19,0.93,4.02,2.04,2.18,5.33
2008-07-20,0.65,2.84,1.35,0.75,3.79
2008-07-21,0.8,3.48,1.18,0.3,6.38
2008-07-22,0.51,2.27,0.0,0.3,3.39
2008-07-23,0.65,2.85,0.86,0.32,4.39
2008-07-24,0.76,3.22,0.58,0.33,5.79
2008-07-25,0.6,2.62,0.81,0.34,4.67
2008-07-26,0.57,2.49,0.0,0.66,4.34
2008-07-27,0.8,3.51,0.74,0.6,5.82
2008-07-28,0.57,2.57,0.0,0.35,4.14
2008-07-29,0.81,3.64,1.09,0.37,4.03
2008-07-30,0.9,4.07,1.77,0.54,4.36
2008-07-31,0.97,4.23,1.06,1.95,5.27
2008-08-01,0.51,2.33,0.41,0.8,3.54
2008-08-02,0.35,1.59,0.0,0.35,2.64
2008-08-03,0.35,1.58,0.0,0.35,2.73
2008-08-04,0.78,3.42,0.41,3.25,3.06
2008-08-05,0.57,2.51,0.44,0.35,4.94
2008-08-06,0.23,1.09,0.0,0.36,1.54
2008-08-07,0.23,1.12,0.0,0.37,1.64
2008-08-08,0.21,1.01,0.0,0.33,1.38
2008-08-09,0.25,1.16,0.0,0.34,1.32
2008-08-10,0.24,1.12,0.0,0.32,1.32
2008-08-11,0.26,1.17,0.0,0.34,1.31
2008-08-12,0.2,0.95,0.0,0.32,1.28
2008-08-13,0.2,0.93,0.0,0.31,1.24
2008-08-14,0.19,0.88,0.0,0.31,1.14
2008-08-15,0.19,0.9,0.0,0.3,1.17
2008-08-16,0.19,0.9,0.0,0.31,1.17
2008-08-17,0.19,0.9,0.0,0.31,1.19
2008-08-18,0.19,0.89,0.0,0.31,1.19
2008-08-19,0.19,0.9,0.0,0.31,1.18
2008-08-20,0.19,0.88,0.0,0.3,1.13
2008-08-21,0.18,0.85,0.0,0.3,1.1
2008-08-22,0.19,0.87,0.0,0.3,1.12
2008-08-23,0.18,0.83,0.0,0.29,1.03
2008-08-24,0.18,0.83,0.0,0.28,1.06
2008-08-25,0.17,0.81,0.0,0.29,1.0
2008-08-26,0.18,0.84,0.0,0.29,1.06
2008-08-27,0.18,0.83,0.0,0.28,1.07
2008-08-28,0.19,0.88,0.0,0.3,1.13
2008-08-29,0.19,0.88,0.0,0.3,1.11
2008-08-30,0.19,0.89,0.0,0.3,1.12
2008-08-31,1.04,4.45,1.43,2.59,8.42
2008-09-01,0.87,3.73,0.66,0.36,7.07
2008-09-02,0.96,4.14,2.97,0.84,4.62
2008-09-03,0.96,4.12,0.92,1.32,7.09
2008-09-04,0.85,3.65,1.55,0.28,6.53
2008-09-05,0.61,2.61,0.26,0.3,4.82
2008-09-06,1.3,5.52,2.05,4.51,9.31
2008-09-07,0.95,4.08,2.51,1.19,4.15
2008-09-08,0.91,3.85,0.52,1.59,6.64
2008-09-09,0.81,3.46,0.16,0.31,5.37
2008-09-10,0.9,3.86,0.7,0.28,7.14
2008-09-11,0.71,3.08,0.7,0.29,5.31
2008-09-12,0.97,4.14,1.3,0.28,6.07
2008-09-13,1.13,4.82,0.65,3.77,8.2
2008-09-14,1.09,4.73,3.25,0.31,4.54
2008-09-15,1.18,5.07,0.67,0.25,7.17
2008-09-16,0.85,3.62,0.0,0.26,5.73
2008-09-17,1.06,4.49,1.33,2.59,6.51
2008-09-18,1.05,4.45,2.92,0.25,5.55
2008-09-19,1.05,4.48,1.09,0.24,8.59
2008-09-20,0.91,3.81,0.0,0.26,8.66
2008-09-21,1.06,4.56,2.78,1.65,5.8
2008-09-22,0.94,4.01,0.7,1.7,7.1
2008-09-23,0.86,3.68,0.0,1.51,5.5
2008-09-24,1.19,5.03,1.4,3.28,7.32
2008-09-25,0.79,3.34,0.7,0.52,5.89
2008-09-26,0.99,4.24,0.85,0.26,7.56
2008-09-27,1.48,6.26,3.02,1.79,8.81
2008-09-28,1.2,5.08,1.33,0.27,7.81
2008-09-29,1.04,4.41,0.7,0.25,7.41
2008-09-30,0.95,4.02,0.69,0.25,5.15
2008-10-01,1.3,5.48,1.56,4.03,7.51
2008-10-02,0.93,3.95,0.0,0.25,6.29
2008-10-03,1.12,4.75,3.33,0.24,6.55
2008-10-04,1.46,6.14,2.4,0.44,8.73
2008-10-05,1.08,4.53,0.69,2.26,4.22
2008-10-06,0.99,4.22,0.69,0.2,6.64
2008-10-07,1.2,5.17,0.71,0.29,6.58
2008-10-08,1.29,5.43,0.72,3.56,8.09
2008-10-09,1.38,5.81,0.72,2.13,8.09
2008-10-10,1.05,4.44,0.0,0.27,8.37
2008-10-11,1.16,4.91,1.49,1.62,7.9
2008-10-12,1.32,5.62,1.78,4.04,4.98
2008-10-13,1.02,4.25,0.72,0.37,6.59
2008-10-14,1.12,4.73,0.82,0.31,6.9
2008-10-15,1.5,6.33,1.39,4.89,6.93
2008-10-16,1.1,4.66,0.66,0.3,5.86
2008-10-17,1.3,5.48,1.41,2.21,6.69
2008-10-18,1.55,6.55,0.55,1.15,8.43
2008-10-19,1.37,5.81,0.48,5.56,3.19
2008-10-20,1.16,4.86,0.59,1.84,7.27
2008-10-21,1.43,6.08,0.6,1.85,7.87
2008-10-22,1.14,4.84,0.46,1.77,5.89
2008-10-23,1.27,5.37,0.57,1.0,7.35
2008-10-24,1.48,6.27,5.48,1.58,7.14
2008-10-25,1.09,4.55,0.53,0.28,9.62
2008-10-26,0.36,1.5,0.0,0.25,1.4
2008-10-27,0.36,1.51,0.0,0.28,1.37
2008-10-28,0.92,3.85,1.57,0.25,3.53
2008-10-29,1.12,4.6,0.72,0.24,2.79
2008-10-30,0.76,3.27,0.0,0.24,1.82
2008-10-31,0.89,3.77,0.0,0.22,7.28
2008-11-01,0.58,2.63,0.0,0.24,1.35
2008-11-02,0.63,2.86,0.0,0.24,1.96
2008-11-03,0.59,2.66,0.67,0.24,1.31
2008-11-04,1.08,4.65,0.0,4.32,2.85
2008-11-05,2.18,9.24,5.28,7.23,5.81
2008-11-06,1.1,4.73,0.72,0.3,4.68
2008-11-07,1.12,4.75,0.72,0.27,7.24
2008-11-08,1.2,5.1,0.77,2.27,4.21
2008-11-09,1.79,7.62,4.38,0.46,9.96
2008-11-10,1.46,6.18,0.71,0.25,7.17
2008-11-11,1.71,7.18,1.72,1.59,10.17
2008-11-12,1.52,6.35,0.74,1.89,6.56
2008-11-13,0.86,3.63,0.0,0.23,4.39
2008-11-14,1.13,4.76,1.45,0.23,6.9
2008-11-15,2.11,8.96,2.74,2.64,10.86
2008-11-16,1.64,6.92,3.33,1.27,6.21
2008-11-17,1.06,4.41,0.0,0.26,7.35
2008-11-18,1.21,5.14,0.75,0.26,7.78
2008-11-19,1.28,5.41,1.21,2.1,6.04
2008-11-20,1.18,4.98,0.72,0.24,5.37
2008-11-21,1.16,4.95,0.72,0.24,7.22
2008-11-22,1.19,5.05,0.76,0.61,5.78
2008-11-23,2.37,10.05,2.52,6.13,7.14
2008-11-24,2.23,9.29,0.74,0.35,9.29
2008-11-25,1.88,7.82,2.09,0.24,7.27
2008-11-26,1.05,4.36,0.63,0.21,6.95
2008-11-27,1.64,6.84,1.73,0.23,8.64
2008-11-28,1.31,5.41,0.77,0.2,7.89
2008-11-29,1.69,7.05,3.66,1.66,8.6
2008-11-30,1.67,6.96,0.81,2.42,7.97
2008-12-01,1.12,4.76,0.75,0.21,6.26
2008-12-02,1.25,5.22,0.0,0.21,7.88
2008-12-03,1.22,5.07,0.79,0.21,6.71
2008-12-04,1.21,5.02,0.75,0.2,7.86
2008-12-05,1.43,5.97,0.58,0.22,6.84
2008-12-06,1.75,7.36,2.78,3.99,6.28
2008-12-07,1.71,7.16,2.29,0.22,9.46
2008-12-08,1.3,5.38,0.78,0.21,9.21
2008-12-09,1.39,5.76,1.38,1.77,8.95
2008-12-10,1.54,6.37,0.82,3.02,7.95
2008-12-11,0.99,4.12,0.81,0.19,5.54
2008-12-12,1.26,5.22,0.8,0.18,8.44
2008-12-13,1.27,5.32,1.52,0.18,6.44
2008-12-14,1.39,5.88,2.6,1.73,3.76
2008-12-15,1.25,5.19,0.82,0.18,6.71
2008-12-16,1.25,5.19,0.0,0.18,7.87
2008-12-17,1.46,6.08,2.95,0.2,7.51
2008-12-18,1.21,4.99,0.78,0.18,7.84
2008-12-19,1.31,5.48,1.07,0.21,8.18
2008-12-20,1.56,6.5,0.79,4.5,8.91
2008-12-21,1.84,7.66,0.76,6.38,10.29
2008-12-22,1.4,5.86,1.5,0.27,7.25
2008-12-23,1.25,5.25,1.85,1.47,5.78
2008-12-24,0.88,3.63,0.0,0.25,6.93
2008-12-25,0.74,3.04,0.0,0.2,2.5
2008-12-26,0.85,3.5,0.78,0.19,5.41
2008-12-27,2.06,8.43,0.0,0.17,8.48
2008-12-28,1.09,4.42,1.36,0.15,3.67
2008-12-29,0.39,1.58,0.0,0.15,1.72
2008-12-30,0.83,3.4,0.0,0.17,4.96
2008-12-31,1.36,5.69,2.07,0.17,8.24
2009-01-01,0.98,4.15,0.53,2.67,1.95
2009-01-02,1.62,6.74,1.68,4.18,8.22
2009-01-03,1.33,5.53,4.47,0.23,7.25
2009-01-04,1.35,5.63,1.01,3.65,2.25
2009-01-05,1.11,4.64,0.87,0.22,6.01
2009-01-06,1.17,4.83,0.0,0.18,8.65
2009-01-07,1.44,5.95,1.87,2.65,6.93
2009-01-08,1.13,4.72,1.93,0.21,7.0
2009-01-09,1.24,5.18,1.25,0.19,6.45
2009-01-10,1.46,6.09,1.96,2.98,8.71
2009-01-11,1.37,5.76,3.14,3.68,4.09
2009-01-12,1.1,4.51,0.0,0.18,8.44
2009-01-13,1.52,6.25,0.79,0.23,11.25
2009-01-14,1.23,5.1,1.58,0.23,7.16
2009-01-15,1.09,4.52,1.9,0.27,6.64
2009-01-16,1.92,8.04,4.04,2.19,10.57
2009-01-17,2.3,9.58,1.72,2.19,10.64
2009-01-18,2.19,9.17,3.92,4.65,8.84
2009-01-19,1.18,4.92,0.78,0.26,7.14
2009-01-20,1.21,4.98,0.0,0.2,9.53
2009-01-21,1.21,4.99,0.8,1.5,6.83
2009-01-22,0.86,3.59,0.0,0.24,5.73
2009-01-23,1.33,5.53,1.44,0.2,8.43
2009-01-24,1.53,6.39,3.54,3.12,5.78
2009-01-25,1.97,8.15,2.76,4.14,7.79
2009-01-26,1.16,4.83,0.78,0.24,6.82
2009-01-27,0.99,4.17,0.62,0.19,4.59
2009-01-28,1.89,7.83,1.6,4.83,9.92
2009-01-29,1.09,4.53,0.0,0.2,6.25
2009-01-30,1.43,5.92,1.13,0.19,8.44
2009-01-31,2.3,9.63,5.75,4.57,10.63
2009-02-01,1.29,5.4,2.38,0.44,5.35
2009-02-02,1.11,4.58,0.8,0.16,7.58
2009-02-03,1.3,5.34,0.49,0.61,10.41
2009-02-04,1.71,7.04,0.6,4.83,11.08
2009-02-05,1.15,4.76,0.77,0.18,9.02
2009-02-06,1.42,5.92,0.81,0.19,8.14
2009-02-07,2.17,9.08,4.74,3.11,12.41
2009-02-08,1.52,6.33,3.71,0.18,10.54
2009-02-09,1.19,4.97,0.74,0.16,6.51
2009-02-10,1.35,5.58,0.78,0.18,8.57
2009-02-11,1.83,7.73,2.07,7.28,8.47
2009-02-12,1.37,5.68,0.77,0.21,12.31
2009-02-13,1.17,4.89,0.76,0.18,8.02
2009-02-14,1.62,6.73,1.59,2.26,12.87
2009-02-15,1.1,4.5,1.71,0.16,3.63
2009-02-16,0.92,3.83,0.0,0.18,4.89
2009-02-17,0.55,2.3,0.0,0.19,2.77
2009-02-18,0.57,2.36,0.0,0.21,3.8
2009-02-19,0.51,2.11,0.73,0.18,1.25
2009-02-20,1.31,5.54,2.01,0.2,6.09
2009-02-21,0.91,3.81,1.47,0.18,2.77
2009-02-22,1.55,6.53,2.65,5.96,4.95
2009-02-23,1.9,7.87,0.84,2.6,8.66
2009-02-24,1.24,5.17,0.0,1.11,10.08
2009-02-25,0.81,3.41,0.76,0.19,5.11
2009-02-26,0.8,3.36,0.0,0.19,4.75
2009-02-27,1.41,5.9,0.8,0.17,10.3
2009-02-28,1.13,4.83,0.8,3.72,5.56
2009-03-01,1.71,7.22,7.77,1.9,6.14
2009-03-02,1.03,4.4,1.08,0.22,4.64
2009-03-03,1.28,5.35,0.8,0.19,9.04
2009-03-04,1.28,5.4,1.54,1.78,5.83
2009-03-05,1.0,4.25,0.0,0.19,6.32
2009-03-06,1.24,5.26,0.79,0.18,8.37
2009-03-07,1.18,4.94,0.73,0.56,8.41
2009-03-08,1.64,6.88,5.04,3.65,8.81
2009-03-09,1.17,4.9,1.39,0.26,7.18
2009-03-10,1.28,5.34,0.0,0.2,8.06
2009-03-11,1.67,7.03,2.41,5.06,7.46
2009-03-12,1.31,5.46,0.0,0.25,9.48
2009-03-13,1.0,4.17,0.75,0.22,7.27
2009-03-14,1.49,6.19,1.52,0.19,12.52
2009-03-15,1.35,5.7,2.42,3.58,5.8
2009-03-16,0.93,3.85,0.0,0.21,6.44
2009-03-17,1.34,5.65,0.77,2.74,8.56
2009-03-18,1.01,4.18,0.78,0.26,8.4
2009-03-19,0.83,3.42,0.0,0.22,6.57
2009-03-20,1.02,4.22,0.75,0.21,7.37
2009-03-21,1.34,5.67,3.76,0.47,7.13
2009-03-22,1.17,4.95,1.4,2.62,6.26
2009-03-23,0.9,3.79,0.75,0.22,4.17
2009-03-24,1.15,4.89,1.19,0.24,7.05
2009-03-25,1.28,5.35,1.93,2.3,7.14
2009-03-26,0.84,3.5,0.0,0.22,5.97
2009-03-27,1.19,5.02,0.77,0.37,6.91
2009-03-28,1.57,6.6,3.14,0.23,8.49
2009-03-29,1.54,6.42,1.12,2.79,6.6
2009-03-30,1.03,4.3,0.75,0.2,6.88
2009-03-31,1.27,5.31,1.53,1.88,9.0
2009-04-01,1.14,4.81,1.95,1.64,5.08
2009-04-02,1.14,4.76,0.78,0.22,9.38
2009-04-03,0.95,3.98,0.0,0.23,5.94
2009-04-04,1.52,6.4,1.87,2.9,11.29
2009-04-05,0.96,4.11,2.66,0.25,4.52
2009-04-06,1.01,4.23,0.55,0.23,7.04
2009-04-07,1.0,4.23,0.77,0.23,6.33
2009-04-08,1.07,4.53,1.48,1.96,5.53
2009-04-09,1.31,5.46,1.86,0.25,9.36
2009-04-10,1.28,5.33,1.43,1.96,9.6
2009-04-11,1.71,7.18,2.54,2.98,12.66
2009-04-12,1.49,6.33,5.21,1.04,8.66
2009-04-13,1.11,4.74,0.7,3.93,4.32
2009-04-14,1.04,4.43,0.62,1.63,6.58
2009-04-15,0.84,3.61,1.31,0.32,3.67
2009-04-16,1.09,4.62,2.01,0.28,6.81
2009-04-17,1.42,5.97,0.0,3.63,5.32
2009-04-18,1.05,4.43,0.71,1.81,7.43
2009-04-19,0.89,3.75,1.53,0.26,5.62
2009-04-20,1.03,4.33,0.0,1.84,7.28
2009-04-21,1.32,5.54,1.34,0.26,5.12
2009-04-22,1.04,4.37,0.71,0.84,9.21
2009-04-23,0.79,3.4,0.74,0.27,3.83
2009-04-24,0.83,3.53,0.0,0.27,6.72
2009-04-25,1.4,5.94,1.39,2.71,9.18
2009-04-26,1.24,5.24,2.12,2.1,7.33
2009-04-27,0.94,4.0,0.69,0.26,4.88
2009-04-28,1.18,5.06,1.44,0.26,7.96
2009-04-29,1.16,4.86,0.72,1.73,6.51
2009-04-30,1.27,5.32,0.71,0.25,10.63
2009-05-01,1.05,4.42,0.74,0.73,8.13
2009-05-02,0.97,4.08,0.99,0.26,6.78
2009-05-03,1.12,4.76,2.23,1.8,5.02
2009-05-04,1.16,4.84,0.7,0.29,7.9
2009-05-05,1.2,5.06,0.73,3.85,7.06
2009-05-06,0.94,3.97,0.72,1.25,6.29
2009-05-07,0.7,2.97,0.0,0.26,5.55
2009-05-08,1.29,5.42,1.55,0.59,10.71
2009-05-09,0.88,3.76,1.45,0.27,4.59
2009-05-10,1.37,5.84,2.99,4.64,6.04
2009-05-11,1.05,4.43,0.72,0.32,7.65
2009-05-12,1.13,4.77,0.0,1.88,7.87
2009-05-13,0.87,3.71,0.99,0.38,4.95
2009-05-14,1.12,4.81,0.0,2.82,7.99
2009-05-15,0.99,4.18,0.96,0.34,8.47
2009-05-16,1.39,5.89,1.18,3.35,8.52
2009-05-17,1.07,4.61,1.77,1.34,4.98
2009-05-18,0.84,3.52,0.53,0.26,6.23
2009-05-19,1.12,4.7,2.26,0.55,7.63
2009-05-20,0.91,3.84,0.74,1.31,6.58
2009-05-21,1.09,4.61,1.08,0.89,8.72
2009-05-22,0.75,3.2,0.68,0.84,5.61
2009-05-23,1.06,4.49,0.33,1.28,8.74
2009-05-24,0.89,3.77,0.03,0.31,7.12
2009-05-25,0.94,4.0,0.64,0.67,6.9
2009-05-26,0.93,4.04,0.83,0.6,7.03
2009-05-27,1.07,4.67,0.73,1.64,7.69
2009-05-28,0.82,3.51,1.04,0.29,6.28
2009-05-29,0.86,3.63,0.7,0.3,7.02
2009-05-30,1.15,4.9,1.94,1.19,8.03
2009-05-31,0.66,2.89,1.02,0.32,3.97
2009-06-01,1.0,4.31,1.94,0.32,7.89
2009-06-02,0.76,3.37,0.0,0.35,5.48
2009-06-03,0.94,4.08,0.65,0.95,8.04
2009-06-04,0.72,3.08,1.32,0.32,4.8
2009-06-05,0.85,3.65,0.0,0.32,8.69
2009-06-06,1.02,4.41,1.23,1.9,7.37
2009-06-07,0.84,3.63,1.44,1.14,4.19
2009-06-08,0.82,3.54,0.71,0.3,5.94
2009-06-09,0.93,3.96,0.69,0.29,7.43
2009-06-10,1.11,4.73,0.72,3.3,6.87
2009-06-11,0.9,3.85,0.0,0.33,7.37
2009-06-12,0.77,3.27,0.7,0.32,4.96
2009-06-13,0.47,2.01,0.0,0.17,2.63
2009-06-14,,,,,
2009-06-15,0.78,3.38,0.93,0.35,5.75
2009-06-16,1.05,4.48,2.07,0.85,9.51
2009-06-17,0.69,2.96,0.68,0.42,5.0
2009-06-18,0.81,3.41,0.0,0.32,7.79
2009-06-19,0.75,3.21,0.67,0.33,5.37
2009-06-20,0.77,3.25,0.0,1.85,6.36
2009-06-21,0.59,2.53,0.72,0.29,4.17
2009-06-22,0.76,3.22,0.0,0.31,7.74
2009-06-23,0.72,3.08,0.7,0.88,5.68
2009-06-24,1.07,4.52,2.12,0.86,9.91
2009-06-25,0.54,2.31,0.0,0.34,4.32
2009-06-26,0.89,3.84,1.27,0.37,6.91
2009-06-27,1.19,5.03,1.85,1.69,9.35
2009-06-28,0.74,3.21,0.0,0.99,4.68
2009-06-29,0.7,3.03,1.25,0.42,4.49
2009-06-30,0.83,3.64,0.4,0.72,6.24
2009-07-01,0.85,3.65,0.69,0.41,6.77
2009-07-02,0.86,3.72,0.44,0.42,5.58
2009-07-03,0.6,2.64,0.59,0.45,5.12
2009-07-04,0.86,3.84,1.45,1.62,4.72
2009-07-05,0.98,4.31,2.23,1.0,5.57
2009-07-06,0.66,2.9,0.3,0.52,4.96
2009-07-07,0.77,3.4,0.9,2.51,3.96
2009-07-08,0.86,3.69,0.0,2.44,6.46
2009-07-09,0.59,2.61,0.0,0.46,3.32
2009-07-10,0.83,3.52,0.69,1.83,5.22
2009-07-11,0.69,3.02,0.68,0.47,5.39
2009-07-12,0.36,1.6,0.0,0.41,2.82
2009-07-13,0.34,1.56,0.0,0.41,2.7
2009-07-14,0.63,2.82,1.6,0.43,4.27
2009-07-15,0.5,2.17,0.61,0.65,4.04
2009-07-16,0.42,1.88,0.0,1.2,2.71
2009-07-17,0.51,2.2,0.0,0.43,4.63
2009-07-18,0.67,2.88,0.0,0.46,3.74
2009-07-19,0.84,3.53,0.0,0.42,3.51
2009-07-20,0.46,2.05,0.63,0.54,3.44
2009-07-21,0.57,2.5,0.0,0.68,5.41
2009-07-22,0.51,2.26,0.0,0.47,2.75
2009-07-23,0.72,3.05,0.64,0.43,6.29
2009-07-24,0.39,1.76,0.0,0.44,2.87
2009-07-25,0.37,1.68,0.0,0.4,2.58
2009-07-26,0.38,1.72,0.0,0.71,2.64
2009-07-27,0.48,2.18,0.0,1.43,3.61
2009-07-28,0.63,2.77,0.0,3.4,3.02
2009-07-29,0.63,2.71,0.6,0.52,5.24
2009-07-30,0.55,2.41,0.0,1.6,2.81
2009-07-31,0.68,3.0,0.6,2.38,4.38
2009-08-01,0.49,2.21,0.0,0.59,4.34
2009-08-02,0.34,1.57,0.0,0.44,2.46
2009-08-03,0.35,1.57,0.0,0.42,2.65
2009-08-04,0.35,1.61,0.0,0.42,2.69
2009-08-05,0.36,1.64,0.0,0.43,2.81
2009-08-06,0.37,1.68,0.0,0.46,2.91
2009-08-07,0.37,1.7,0.0,0.46,2.94
2009-08-08,0.37,1.66,0.0,0.45,2.84
2009-08-09,0.69,3.06,1.38,1.65,3.58
2009-08-10,0.74,3.28,0.0,2.58,4.18
2009-08-11,0.66,2.95,0.6,1.02,4.57
2009-08-12,0.57,2.55,0.63,0.48,3.47
2009-08-13,1.11,4.78,2.21,6.74,3.11
2009-08-14,0.52,2.28,0.3,0.59,3.23
2009-08-15,1.05,4.61,2.39,1.29,6.2
2009-08-16,0.85,3.79,1.11,0.76,3.95
2009-08-17,0.55,2.42,0.0,0.56,4.35
2009-08-18,0.75,3.26,1.6,1.0,4.39
2009-08-19,0.61,2.73,0.62,0.56,4.2
2009-08-20,0.54,2.42,0.0,0.61,4.26
2009-08-21,0.81,3.5,2.11,0.62,5.23
2009-08-22,1.08,4.76,3.16,2.22,5.94
2009-08-23,0.74,3.33,0.66,0.57,4.86
2009-08-24,0.87,3.77,1.58,0.51,5.73
2009-08-25,0.66,2.89,0.79,0.52,4.37
2009-08-26,0.79,3.43,1.48,1.05,5.46
2009-08-27,0.52,2.32,0.0,0.46,2.97
2009-08-28,0.78,3.37,1.23,0.78,5.2
2009-08-29,0.96,4.18,0.63,1.03,8.13
2009-08-30,1.16,4.98,1.84,0.95,7.39
2009-08-31,0.88,3.82,0.67,0.47,6.93
2009-09-01,0.68,2.99,0.0,0.48,4.22
2009-09-02,0.85,3.64,0.66,0.46,6.89
2009-09-03,0.87,3.76,2.3,2.15,3.48
2009-09-04,0.71,3.06,0.0,0.44,5.62
2009-09-05,1.05,4.53,2.08,1.56,7.25
2009-09-06,0.85,3.67,0.69,0.41,6.27
2009-09-07,0.85,3.64,1.52,0.4,5.76
2009-09-08,0.75,3.22,0.7,0.4,5.93
2009-09-09,1.06,4.49,0.67,2.66,7.41
2009-09-10,0.77,3.31,0.64,0.42,4.52
2009-09-11,0.84,3.57,0.0,0.44,8.12
2009-09-12,1.43,6.14,6.65,0.83,8.75
2009-09-13,1.09,4.69,2.88,0.43,7.07
2009-09-14,1.09,4.66,1.97,0.42,6.31
2009-09-15,1.01,4.28,1.23,0.39,6.0
2009-09-16,1.21,5.15,0.72,2.41,9.29
2009-09-17,0.85,3.61,0.0,0.39,6.74
2009-09-18,0.95,4.04,1.38,0.45,6.35
2009-09-19,1.48,6.26,1.12,2.81,10.31
2009-09-20,1.41,6.02,3.15,1.71,8.29
2009-09-21,0.98,4.2,0.64,0.42,7.53
2009-09-22,0.87,3.7,0.65,0.41,5.9
2009-09-23,1.14,4.82,1.45,0.68,8.95
2009-09-24,0.99,4.23,0.73,0.43,7.2
2009-09-25,0.81,3.48,0.0,0.41,6.73
2009-09-26,1.08,4.59,1.35,0.4,10.13
2009-09-27,0.98,4.2,1.26,3.17,5.94
2009-09-28,0.9,3.8,0.0,0.42,7.5
2009-09-29,0.8,3.39,0.72,0.42,5.08
2009-09-30,1.23,5.23,0.67,5.62,6.39
2009-10-01,0.89,3.79,0.66,0.42,6.55
2009-10-02,0.8,3.39,0.0,0.4,7.04
2009-10-03,1.19,5.05,2.53,0.64,10.06
2009-10-04,1.13,4.82,2.21,2.43,6.24
2009-10-05,0.89,3.7,0.68,0.38,5.54
2009-10-06,0.99,4.17,0.0,0.38,6.12
2009-10-07,1.27,5.34,0.51,3.01,6.88
2009-10-08,1.1,4.58,1.45,0.43,8.03
2009-10-09,0.94,3.95,0.0,0.39,7.44
2009-10-10,1.4,5.93,3.13,0.4,10.29
2009-10-11,1.35,5.75,2.86,4.49,6.01
2009-10-12,0.94,3.97,0.69,0.36,6.54
2009-10-13,1.01,4.25,0.68,0.37,6.62
2009-10-14,1.19,5.0,1.39,2.17,6.95
2009-10-15,1.03,4.32,1.13,0.32,6.7
2009-10-16,1.05,4.42,0.0,0.33,7.73
2009-10-17,1.9,8.05,3.81,3.03,12.73
2009-10-18,1.08,4.5,0.49,0.35,7.74
2009-10-19,0.95,3.95,0.77,0.32,5.71
2009-10-20,1.2,4.97,0.53,0.31,7.64
2009-10-21,1.37,5.71,1.41,4.11,5.95
2009-10-22,0.97,4.04,0.0,0.34,7.69
2009-10-23,1.22,5.14,2.21,0.34,8.12
2009-10-24,1.82,7.66,4.31,0.36,11.07
2009-10-25,1.67,7.07,2.09,4.29,9.51
2009-10-26,0.77,3.24,0.33,0.32,4.02
2009-10-27,0.78,3.27,0.4,0.31,5.81
2009-10-28,0.88,3.69,0.72,0.32,6.47
2009-10-29,1.38,5.85,0.53,2.86,3.94
2009-10-30,1.04,4.35,1.24,1.39,6.13
2009-10-31,1.3,5.45,1.23,1.75,10.16
2009-11-01,1.28,5.39,1.37,0.33,8.48
2009-11-02,1.04,4.4,1.31,0.33,5.2
2009-11-03,1.57,6.63,1.4,2.74,6.27
2009-11-04,1.25,5.23,0.75,2.78,8.5
2009-11-05,1.08,4.54,0.77,0.37,6.85
2009-11-06,0.97,4.03,0.0,0.31,7.87
2009-11-07,1.08,4.51,1.52,0.28,6.95
2009-11-08,1.74,7.24,3.43,1.44,10.33
2009-11-09,0.98,4.09,0.78,0.3,5.3
2009-11-10,1.12,4.65,0.78,0.3,8.19
2009-11-11,1.42,5.97,1.62,3.55,7.79
2009-11-12,1.02,4.25,1.03,0.3,6.53
2009-11-13,1.06,4.46,1.29,0.28,6.37
2009-11-14,1.78,7.45,2.9,1.67,13.1
2009-11-15,1.37,5.78,0.69,3.67,6.56
2009-11-16,1.05,4.4,1.4,0.38,6.5
2009-11-17,1.19,4.91,0.0,0.31,8.07
2009-11-18,1.83,7.69,4.18,5.32,9.57
2009-11-19,1.02,4.25,0.0,0.33,7.59
2009-11-20,1.36,5.69,0.59,0.28,8.9
2009-11-21,1.73,7.28,3.95,1.39,8.72
2009-11-22,1.7,7.19,4.7,0.29,11.18
2009-11-23,1.02,4.24,0.0,0.28,5.72
2009-11-24,1.48,6.18,1.73,3.18,6.31
2009-11-25,1.38,5.77,0.52,3.53,7.36
2009-11-26,1.11,4.61,1.57,0.28,6.99
2009-11-27,0.96,3.96,0.0,0.28,8.05
2009-11-28,1.29,5.41,2.22,0.27,9.97
2009-11-29,1.15,4.78,0.75,2.13,5.44
2009-11-30,1.21,5.02,0.75,0.25,8.36
2009-12-01,1.22,5.08,0.0,0.25,7.51
2009-12-02,1.63,6.82,0.79,4.9,8.92
2009-12-03,1.03,4.29,0.72,0.28,6.88
2009-12-04,1.19,4.99,0.8,0.24,6.34
2009-12-05,1.63,6.92,2.65,0.24,9.25
2009-12-06,1.65,6.98,1.98,2.9,8.62
2009-12-07,1.21,5.07,0.79,0.25,7.15
2009-12-08,1.39,5.79,0.77,0.24,10.68
2009-12-09,1.25,5.25,1.43,2.33,5.54
2009-12-10,1.43,5.97,1.96,0.24,10.71
2009-12-11,1.24,5.13,1.07,0.27,7.81
2009-12-12,1.26,5.26,0.75,2.86,5.69
2009-12-13,1.49,6.16,2.77,0.29,9.15
2009-12-14,1.25,5.12,0.76,1.58,7.46
2009-12-15,1.35,5.51,0.77,0.27,9.78
2009-12-16,0.97,3.99,0.79,2.04,5.63
2009-12-17,1.19,4.84,0.0,0.21,10.0
2009-12-18,1.21,4.97,0.83,0.21,7.96
2009-12-19,1.53,6.24,0.81,1.85,9.5
2009-12-20,0.79,3.24,0.86,0.22,5.41
2009-12-21,1.41,5.78,2.29,0.2,7.97
2009-12-22,1.31,5.37,0.0,0.2,10.99
2009-12-23,1.01,4.12,0.79,0.2,7.78
2009-12-24,2.02,8.29,3.6,3.87,10.55
2009-12-25,1.48,6.13,2.34,2.7,9.92
2009-12-26,1.52,6.31,0.82,2.98,11.14
2009-12-27,1.52,6.36,2.93,0.22,8.65
2009-12-28,1.45,6.03,1.51,1.43,10.37
2009-12-29,1.42,5.91,0.88,0.24,7.09
2009-12-30,1.7,7.17,3.67,3.15,8.67
2009-12-31,1.54,6.4,0.0,0.27,13.48
2010-01-01,0.85,3.54,1.6,0.23,2.47
2010-01-02,0.91,3.81,0.56,0.21,4.46
2010-01-03,1.45,6.04,2.67,3.42,7.0
2010-01-04,1.11,4.6,0.0,0.2,7.51
2010-01-05,1.54,6.35,1.24,0.2,11.44
2010-01-06,1.23,5.11,1.2,2.26,7.89
2010-01-07,1.23,5.07,0.83,0.18,8.98
2010-01-08,1.25,5.15,0.0,0.69,8.7
2010-01-09,1.62,6.73,1.93,3.37,10.23
2010-01-10,1.74,7.23,2.48,1.41,9.8
2010-01-11,1.05,4.34,0.87,0.24,7.14
2010-01-12,1.44,5.98,0.62,3.91,10.72
2010-01-13,,,,,
2010-01-14,2.08,8.68,6.34,0.28,6.35
2010-01-15,1.53,6.34,1.36,2.05,9.41
2010-01-16,1.49,6.22,1.81,1.68,9.48
2010-01-17,1.32,5.52,1.38,0.21,10.45
2010-01-18,1.31,5.42,0.43,0.2,9.01
2010-01-19,1.69,7.0,1.42,0.45,13.41
2010-01-20,1.63,6.81,1.61,2.32,10.11
2010-01-21,1.48,6.16,0.62,0.31,11.42
2010-01-22,1.24,5.18,0.49,0.24,10.08
2010-01-23,1.81,7.67,2.19,2.84,11.13
2010-01-24,1.58,6.61,2.43,1.92,7.67
2010-01-25,1.34,5.55,0.95,0.32,11.21
2010-01-26,1.44,5.9,0.37,0.27,11.28
2010-01-27,1.92,7.99,1.42,4.45,12.61
2010-01-28,1.47,6.06,1.41,0.35,10.41
2010-01-29,1.45,5.98,1.03,0.59,12.54
2010-01-30,1.97,8.31,2.25,5.24,12.42
2010-01-31,1.25,5.2,1.19,0.96,8.73
2010-02-01,1.18,4.86,0.77,0.25,10.15
2010-02-02,1.5,6.15,0.0,0.27,14.96
2010-02-03,2.02,8.37,1.55,5.85,14.67
2010-02-04,1.61,6.64,0.75,0.37,16.49
2010-02-05,1.46,6.08,0.63,0.33,12.51
2010-02-06,1.88,7.93,3.0,1.53,12.4
2010-02-07,1.13,4.73,1.9,2.66,3.85
2010-02-08,1.79,7.41,0.81,0.3,13.72
2010-02-09,1.68,6.92,0.84,0.28,13.73
2010-02-10,1.35,5.61,0.85,2.07,8.49
2010-02-11,0.95,3.91,0.0,0.23,6.89
2010-02-12,1.31,5.41,0.86,0.22,10.56
2010-02-13,1.63,6.74,1.28,3.68,12.99
2010-02-14,1.17,4.83,0.85,0.22,9.17
2010-02-15,1.46,6.04,2.41,0.23,11.16
2010-02-16,1.25,5.15,1.35,0.22,8.9
2010-02-17,1.43,5.94,1.59,4.61,7.01
2010-02-18,1.22,5.04,0.67,0.27,10.34
2010-02-19,1.36,5.65,1.48,0.28,10.1
2010-02-20,1.38,5.75,2.6,0.27,10.05
2010-02-21,1.9,8.04,4.1,5.65,11.86
2010-02-22,1.02,4.32,0.97,1.5,7.05
2010-02-23,1.01,4.25,0.0,2.08,6.12
2010-02-24,1.33,5.52,1.57,1.17,9.94
2010-02-25,1.31,5.41,0.0,0.33,10.5
2010-02-26,1.47,6.14,0.8,1.7,10.29
2010-02-27,1.23,5.15,2.6,0.31,9.97
2010-02-28,0.49,2.06,0.0,0.34,2.05
2010-03-01,0.9,3.76,1.24,0.33,4.94
2010-03-02,0.53,2.23,0.0,0.29,2.5
2010-03-03,0.65,2.73,0.0,0.3,5.01
2010-03-04,0.47,2.01,0.0,0.3,2.03
2010-03-05,0.79,3.27,0.77,0.24,4.11
2010-03-06,0.55,2.31,0.0,0.29,2.76
2010-03-07,0.95,3.97,0.0,3.25,2.55
2010-03-08,1.78,7.42,2.93,5.31,11.09
2010-03-09,1.22,5.08,0.59,0.28,7.56
2010-03-10,1.27,5.2,0.81,0.26,10.36
2010-03-11,1.35,5.64,1.44,0.22,10.91
2010-03-12,1.14,4.72,1.17,0.29,9.78
2010-03-13,1.65,6.9,1.98,3.84,12.48
2010-03-14,1.09,4.59,2.41,0.64,4.93
2010-03-15,1.24,5.18,0.54,0.3,10.45
2010-03-16,1.07,4.46,0.0,0.32,7.0
2010-03-17,1.4,5.83,0.79,4.06,9.1
2010-03-18,1.09,4.55,0.8,0.4,7.53
2010-03-19,1.16,4.81,0.0,0.41,8.74
2010-03-20,0.57,2.37,0.0,0.11,4.18
2010-03-21,1.48,6.27,2.69,4.52,5.93
2010-03-22,1.12,4.69,0.79,0.39,9.62
2010-03-23,1.27,5.37,2.01,0.8,9.1
2010-03-24,1.39,5.8,0.75,4.05,8.9
2010-03-25,1.17,4.84,0.0,0.42,9.58
2010-03-26,1.15,4.8,0.75,0.47,8.71
2010-03-27,1.28,5.39,0.74,2.14,8.67
2010-03-28,1.25,5.32,0.75,5.48,4.94
2010-03-29,1.13,4.73,0.0,0.44,10.71
2010-03-30,1.32,5.64,1.22,0.4,9.56
2010-03-31,1.34,5.66,0.74,4.38,8.36
2010-04-01,1.17,4.88,1.24,0.36,10.0
2010-04-02,1.14,4.73,0.0,0.34,9.08
2010-04-03,1.25,5.17,1.23,0.45,12.29
2010-04-04,1.17,4.93,0.76,0.58,8.81
2010-04-05,0.78,3.27,1.22,1.0,3.82
2010-04-06,1.27,5.26,0.8,0.43,8.66
2010-04-07,1.11,4.65,0.75,2.39,7.89
2010-04-08,1.15,4.76,0.1,0.46,9.25
2010-04-09,0.86,3.57,0.76,0.39,7.36
2010-04-10,0.83,3.49,0.72,0.67,6.2
2010-04-11,1.11,4.74,3.82,0.38,6.15
2010-04-12,1.0,4.16,0.46,0.42,8.3
2010-04-13,1.05,4.39,0.76,0.45,9.05
2010-04-14,1.15,4.85,0.79,4.08,6.38
2010-04-15,1.3,5.43,1.75,0.46,10.88
2010-04-16,1.08,4.55,1.97,0.41,8.77
2010-04-17,1.08,4.55,0.38,2.17,8.73
2010-04-18,1.03,4.28,0.77,0.43,8.72
2010-04-19,1.19,4.96,0.85,2.95,9.36
2010-04-20,1.27,5.33,0.96,0.5,11.58
2010-04-21,1.1,4.56,0.0,0.44,8.96
2010-04-22,1.01,4.27,0.74,0.45,8.68
2010-04-23,0.82,3.44,0.0,0.43,7.63
2010-04-24,1.05,4.59,3.09,1.03,5.71
2010-04-25,1.07,4.52,0.0,1.63,5.27
2010-04-26,0.75,3.17,0.72,0.32,5.3
2010-04-27,0.87,3.62,0.0,0.38,5.93
2010-04-28,0.6,2.55,0.0,0.4,4.19
2010-04-29,0.77,3.2,0.01,0.47,5.63
2010-04-30,0.78,3.32,1.87,0.46,4.84
2010-05-01,0.92,3.93,1.38,3.39,4.69
2010-05-02,1.52,6.42,1.29,5.53,10.04
2010-05-03,0.98,4.16,0.68,0.37,8.21
2010-05-04,1.05,4.5,0.0,0.71,8.34
2010-05-05,1.25,5.37,2.06,1.52,8.46
2010-05-06,0.9,3.82,0.0,0.21,7.14
2010-05-07,1.14,4.82,0.73,0.23,9.45
2010-05-08,1.06,4.49,2.48,1.69,7.05
2010-05-09,1.09,4.64,2.01,1.83,6.91
2010-05-10,1.02,4.26,0.0,0.28,8.95
2010-05-11,1.09,4.54,0.8,0.24,7.93
2010-05-12,1.41,5.89,0.72,3.08,11.36
2010-05-13,1.08,4.48,1.48,1.03,7.32
2010-05-14,1.2,4.98,0.73,0.23,11.64
2010-05-15,1.35,5.71,2.32,0.23,9.49
2010-05-16,1.46,6.15,2.33,2.72,8.26
2010-05-17,1.13,4.72,0.7,0.25,10.66
2010-05-18,0.99,4.12,0.0,0.26,8.11
2010-05-19,0.99,4.18,1.47,0.46,6.85
2010-05-20,0.8,3.36,0.0,0.26,7.01
2010-05-21,0.9,3.8,0.75,0.26,7.02
2010-05-22,1.46,6.16,1.58,1.7,12.12
2010-05-23,1.03,4.4,0.6,0.29,6.63
2010-05-24,0.93,3.97,1.3,1.71,5.38
2010-05-25,0.83,3.59,0.33,0.31,7.25
2010-05-26,0.96,4.18,0.63,3.12,5.92
2010-05-27,0.92,3.91,0.65,0.31,7.41
2010-05-28,0.97,4.1,0.71,0.29,8.07
2010-05-29,1.42,6.04,2.82,0.28,11.55
2010-05-30,1.16,4.9,1.67,2.07,6.74
2010-05-31,0.93,3.97,1.19,1.51,7.26
2010-06-01,0.88,3.72,0.67,0.28,8.23
2010-06-02,0.68,2.92,0.0,0.46,5.87
2010-06-03,0.97,4.15,2.02,0.31,8.54
2010-06-04,0.99,4.2,1.18,0.28,8.69
2010-06-05,1.4,6.1,7.59,0.87,8.49
2010-06-06,1.21,5.29,5.28,0.4,7.89
2010-06-07,0.7,3.03,1.26,0.34,4.68
2010-06-08,0.95,4.03,1.05,0.57,7.9
2010-06-09,1.07,4.54,1.93,2.96,5.73
2010-06-10,0.84,3.59,0.0,0.33,7.55
2010-06-11,1.02,4.41,2.39,0.32,8.14
2010-06-12,1.37,5.85,1.88,2.54,11.25
2010-06-13,1.16,5.06,3.42,1.75,6.32
2010-06-14,0.85,3.61,0.67,0.33,7.18
2010-06-15,0.85,3.62,0.0,0.34,7.04
2010-06-16,1.23,5.18,1.3,3.47,7.18
2010-06-17,0.71,3.05,0.0,0.34,5.91
2010-06-18,0.93,3.95,0.68,0.32,8.32
2010-06-19,0.98,4.21,1.66,1.25,6.63
2010-06-20,1.16,4.92,0.71,2.91,8.57
2010-06-21,1.15,4.95,2.66,2.45,7.76
2010-06-22,1.06,4.58,0.67,4.29,6.41
2010-06-23,1.0,4.38,3.99,1.04,7.08
2010-06-24,0.76,3.27,0.68,0.61,5.62
2010-06-25,0.76,3.32,0.0,0.48,7.27
2010-06-26,0.68,3.0,0.64,0.85,5.51
2010-06-27,0.79,3.49,1.85,0.53,5.34
2010-06-28,1.02,4.37,0.0,0.56,8.69
2010-06-29,0.95,4.16,1.21,1.37,5.74
2010-06-30,0.96,4.09,0.28,0.56,3.62
2010-07-01,0.94,4.05,0.61,0.64,5.17
2010-07-02,0.79,3.5,0.57,0.65,4.4
2010-07-03,0.78,3.42,0.0,0.67,4.27
2010-07-04,1.07,4.56,0.6,0.56,4.58
2010-07-05,0.77,3.33,0.58,0.58,4.8
2010-07-06,0.7,3.01,0.0,0.54,5.87
2010-07-07,0.58,2.55,0.61,0.53,4.0
2010-07-08,0.84,3.63,0.6,0.94,5.87
2010-07-09,0.75,3.32,0.0,0.43,3.72
2010-07-10,0.8,3.51,0.63,0.86,6.2
2010-07-11,0.83,3.65,0.59,0.41,5.4
2010-07-12,0.77,3.4,1.2,0.45,4.47
2010-07-13,0.96,4.24,1.58,1.96,5.48
2010-07-14,0.98,4.26,0.74,0.42,5.26
2010-07-15,1.13,4.79,0.74,1.51,5.7
2010-07-16,0.57,2.49,0.0,0.39,2.68
2010-07-17,0.56,2.42,0.0,0.38,4.23
2010-07-18,0.56,2.42,0.0,0.35,2.74
2010-07-19,0.56,2.4,0.0,0.38,4.24
2010-07-20,0.59,2.57,0.01,0.38,3.6
2010-07-21,0.74,3.2,1.41,0.41,4.29
2010-07-22,0.81,3.5,0.0,1.49,3.89
2010-07-23,0.82,3.52,0.62,1.46,5.76
2010-07-24,0.64,2.79,0.0,1.46,2.7
2010-07-25,0.79,3.37,0.0,2.59,5.24
2010-07-26,0.61,2.66,0.0,1.56,2.88
2010-07-27,0.66,2.83,0.63,0.36,2.81
2010-07-28,0.6,2.58,0.56,0.38,5.02
2010-07-29,0.38,1.69,0.0,0.37,2.89
2010-07-30,0.38,1.7,0.0,0.37,2.84
2010-07-31,0.39,1.72,0.0,0.38,2.97
2010-08-01,0.39,1.72,0.0,0.39,2.96
2010-08-02,0.38,1.7,0.0,0.37,2.91
2010-08-03,0.43,1.85,0.0,0.37,2.84
2010-08-04,0.38,1.67,0.0,0.37,2.86
2010-08-05,0.37,1.63,0.0,0.36,2.79
2010-08-06,0.36,1.6,0.0,0.35,2.74
2010-08-07,0.37,1.62,0.0,0.36,2.76
2010-08-08,0.37,1.62,0.0,0.37,2.75
2010-08-09,0.37,1.64,0.0,0.36,2.81
2010-08-10,0.38,1.66,0.0,0.36,2.88
2010-08-11,0.38,1.67,0.0,0.38,2.86
2010-08-12,0.37,1.62,0.0,0.36,2.77
2010-08-13,0.37,1.63,0.0,0.35,2.85
2010-08-14,0.38,1.68,0.0,0.36,3.1
2010-08-15,0.73,3.16,0.0,3.03,3.67
2010-08-16,0.78,3.42,1.06,0.32,5.09
2010-08-17,0.78,3.29,0.74,0.59,4.35
2010-08-18,,,,,
2010-08-19,,,,,
2010-08-20,,,,,
2010-08-21,,,,,
2010-08-22,0.61,2.71,0.0,0.36,1.97
2010-08-23,0.53,2.33,0.0,0.39,4.24
2010-08-24,0.5,2.25,0.0,0.38,3.97
2010-08-25,0.68,2.94,0.67,0.36,6.22
2010-08-26,0.53,2.3,0.0,0.37,3.53
2010-08-27,1.41,5.99,0.65,5.27,8.82
2010-08-28,1.0,4.28,1.45,0.38,9.02
2010-08-29,1.16,4.94,2.09,0.37,9.09
2010-08-30,1.04,4.38,0.65,1.02,8.19
2010-08-31,0.95,4.1,1.46,1.2,5.53
2010-09-01,1.11,4.69,1.35,0.83,9.72
2010-09-02,0.97,4.09,0.65,0.35,8.18
2010-09-03,0.94,3.97,0.65,0.36,6.77
2010-09-04,1.21,5.17,1.81,0.51,9.2
2010-09-05,0.92,3.96,1.12,1.9,5.19
2010-09-06,0.99,4.21,2.2,0.37,7.07
2010-09-07,1.01,4.31,1.34,0.64,8.21
2010-09-08,0.91,3.87,0.0,0.34,5.19
2010-09-09,0.86,3.7,1.26,1.48,4.87
2010-09-10,0.92,3.92,0.67,0.45,7.48
2010-09-11,1.02,4.31,0.65,0.99,6.25
2010-09-12,1.12,4.76,1.25,1.44,6.17
2010-09-13,0.75,3.24,0.9,0.55,4.66
2010-09-14,0.99,4.24,1.3,1.88,7.13
2010-09-15,0.68,2.95,0.0,0.62,4.18
2010-09-16,0.93,3.93,0.72,0.51,7.16
2010-09-17,1.04,4.43,1.36,3.82,6.75
2010-09-18,0.87,3.66,0.68,0.52,8.18
2010-09-19,0.64,2.71,0.0,0.91,3.58
2010-09-20,1.17,4.99,2.31,0.53,9.21
2010-09-21,0.77,3.31,0.0,0.47,5.53
2010-09-22,1.05,4.47,1.72,0.81,8.17
2010-09-23,1.01,4.23,0.71,0.52,8.33
2010-09-24,0.92,3.92,1.21,0.54,6.02
2010-09-25,0.45,1.94,0.0,0.64,3.8
2010-09-26,,,,,
2010-09-27,,,,,
2010-09-28,1.64,6.85,3.29,0.63,3.14
2010-09-29,1.17,4.88,1.1,0.45,9.06
2010-09-30,0.87,3.6,0.0,0.54,5.55
2010-10-01,1.05,4.37,1.22,0.5,7.85
2010-10-02,1.34,5.58,2.76,0.51,9.4
2010-10-03,1.27,5.4,3.47,1.78,5.37
2010-10-04,1.23,5.2,1.19,0.5,5.73
2010-10-05,1.29,5.42,0.0,2.09,8.36
2010-10-06,0.91,3.82,0.71,0.37,5.59
2010-10-07,1.26,5.29,1.5,0.38,8.8
2010-10-08,1.05,4.43,0.67,0.49,6.89
2010-10-09,1.12,4.74,0.67,1.1,9.12
2010-10-10,1.39,5.92,2.31,0.54,7.15
2010-10-11,1.13,4.82,0.7,3.48,6.07
2010-10-12,1.1,4.68,0.77,0.54,6.81
2010-10-13,1.44,6.02,1.38,0.42,11.52
2010-10-14,1.48,6.26,1.79,1.7,9.89
2010-10-15,1.11,4.69,0.49,0.57,7.49
2010-10-16,0.69,2.94,0.0,0.45,5.32
2010-10-17,0.73,3.06,0.69,0.46,3.25
2010-10-18,1.88,7.9,1.55,7.1,11.38
2010-10-19,1.34,5.65,0.71,2.85,6.57
2010-10-20,1.2,5.03,1.5,0.48,7.17
2010-10-21,0.94,3.95,0.52,0.48,4.69
2010-10-22,1.16,4.78,0.77,0.33,8.82
2010-10-23,1.59,6.69,2.6,2.7,9.35
2010-10-24,1.66,6.97,1.38,5.24,9.2
2010-10-25,0.81,3.39,0.0,0.38,4.69
2010-10-26,0.66,2.75,0.0,1.73,3.46
2010-10-27,0.88,3.62,0.0,1.43,5.74
2010-10-28,1.02,4.2,0.77,1.82,6.31
2010-10-29,0.84,3.51,0.75,0.5,2.72
2010-10-30,1.49,6.23,1.63,0.43,10.63
2010-10-31,1.03,4.24,0.99,0.47,3.88
2010-11-01,0.96,3.94,0.0,0.44,6.07
2010-11-02,0.83,3.42,0.0,0.4,4.02
2010-11-03,0.9,3.76,0.71,0.77,4.53
2010-11-04,1.77,7.5,4.19,7.77,7.14
2010-11-05,1.21,5.05,0.0,0.55,8.76
2010-11-06,1.25,5.35,2.26,0.47,6.81
2010-11-07,1.16,4.97,0.71,0.43,4.82
2010-11-08,1.27,5.37,0.75,0.39,9.05
2010-11-09,1.4,5.99,1.46,0.4,8.68
2010-11-10,1.35,5.72,0.71,4.07,9.24
2010-11-11,1.23,5.26,2.38,1.54,4.35
2010-11-12,1.28,5.43,1.43,0.34,7.16
2010-11-13,1.4,5.92,0.73,0.41,9.62
2010-11-14,1.42,6.03,3.71,0.38,6.08
2010-11-15,1.21,5.13,0.75,2.93,6.19
2010-11-16,1.05,4.4,0.0,0.33,5.52
2010-11-17,1.1,4.63,0.8,0.34,6.19
2010-11-18,1.15,4.88,1.51,0.34,6.56
2010-11-19,1.09,4.58,0.0,0.34,8.27
2010-11-20,1.53,6.47,3.03,2.05,7.94
2010-11-21,0.63,2.64,0.0,0.35,3.32
2010-11-22,1.42,6.01,3.37,1.47,7.04
2010-11-23,1.1,4.67,1.3,0.32,5.29
2010-11-24,1.25,5.25,0.76,1.98,8.49
2010-11-25,0.99,4.17,0.75,0.3,3.52
2010-11-26,1.18,4.96,0.86,0.3,7.91
